{
  "drive": {
    "p": 0.0020645,
    "i": 0,
    "d": 0,
    "f": 0,
    "iz": 0
  },
  "angle": {
    "p": 0.00005,
    "i": 0,
    "d": 0,
    "f": 0.0005,
    "iz": 0
  }
}